Salesperson_ID,Sales_Person
1,Jenny Gimbrett
2,Aubrey Polon
3,Tallie McTear
4,Renee Prahl
5,Jule Stranieri
6,Svend Easton
7,Emalee Petcher
8,Dedra Coniff
9,Karim Bradfield
10,Celene Mc Mechan
11,Ralf Casero
12,Geordie Jursch
13,Amanda Bielfeld
14,Jillian Hirsthouse
15,Robbert Polini
16,Tommie Padbury
17,Angelica Eales
18,Leighton Alessandrini
19,Alethea Pawnsford
20,Alric Maffulli
21,Doralynne Gawthrop
22,Merci Ollett
23,Calypso Eakeley
24,Sally Corbie
25,Anastasia Matteotti
26,Shannan McCome
27,Ervin Twigge
28,Zoe Spurdens
29,Karly Jeckell
30,Jennee Normavill
31,Debera Youd
32,Theodor Wrintmore
33,Gillan Gourlie
34,Elizabet Catcherside
35,Giulia Nairy
36,Rudolf Hasnip
37,Jerald Currin
38,Florella Hinrich
39,Ramona Risbie
40,Hal Naismith
41,Leon Barmadier
42,Von Moulsdale
43,Berta Hearl
44,Rinaldo Pepperrall
45,Lisle Redsell
46,Orsa Huyge
47,Janka Georges
48,Sigfried Bonar
49,Lola Antrobus
50,Sully Loder
51,Eula Pratley
52,Adey Worner
53,Lacy Le Marquand
54,Bettine Kassidy
55,Carissa Linfield
56,Othello Wife
57,Lamar Alans
58,Axel Sive
59,Nathanial Pren
60,Ashely Burrus
61,Gilberte Kuhl
62,Eddi Sandilands
63,Annnora Winchurst
64,Tedra Bigg
65,Brina Larcher
66,Paddy Dadge
67,Christian Mellmer
68,Englebert Brabbs
69,Ginni Hartill
70,Griselda Tuckerman
71,Bernie Endecott
72,Iago Prattington
73,Norman Lindmark
74,Kerrill Timcke
75,Marybeth De Gregorio
76,Nessa Giacovazzo
77,Heloise Slyme
78,Arlen Eastup
79,Sada Jorgesen
80,Gratia Keld
81,Tedman Kaindl
82,Rosemaria Grimme
83,Cly O'Noulane
84,Sal Ulster
85,Kylynn Dawkes
86,Heidi Acres
87,Brier Feltham
88,Gaspard O' Reagan
89,Camilla Huikerby
90,Corrinne Proven
91,Tiphany Nannetti
92,Sybilla Burnip
93,Zola Kenafaque
94,Beryl Lynnett
95,Izzy Fernier
96,Graig Ivanichev
97,Billie Ziemens
98,Crawford Coomber
99,Alasdair Kemet
100,Margalo Simoens
101,Bathsheba Crehan
102,Iona Harriss
103,Alvera Troyes
104,Jae Waggatt
105,Stefano Kunkler
106,Carlye Bradlaugh
107,Gerrie Ciric
108,Derek Sherrum
109,Tawnya Filyukov
110,Shell Delve
111,Perry Carik
112,Elisabetta Hassard
113,Alica Esmond
114,Bibbie Siebart
115,Jeane Ledwidge
116,Waneta Ogdahl
117,Nissy Ginnelly
118,Megan Jull
119,Dannie Darkin
120,Arnie Chataignier
121,Ulrikaumeko Bodimeade
122,Aubert Jolliss
123,Sharline Jerrams
124,Trixy Grover
125,Hal Andrasch
126,Nelia Moiser
127,Odelia Edington
128,Bibi Gatenby
129,Andrey Picker
130,Lynnette Clemendot
131,Pen Pawelczyk
132,Allsun Danilchik
133,Alberto Crankshaw
134,Jennee MacKibbon
135,Vaclav Hagley
136,Sybille Peasee
137,Rakel Briton
138,Cazzie Munn
139,Reed Doel
140,Berna Carss
141,Nerti Deval
142,Carmen Bawles
143,Candida Gowthorpe
144,Korella Bossom
145,Kelsey Ritmeier
146,Elke Sheers
147,Torey Golding
148,Twyla Follos
149,Allan Hollindale
150,Vin Falkner
151,Mellisent Harbertson
152,Nelson Westney
153,Siusan Ellice
154,Carlotta McGowing
155,Derick Westfield
156,Etty Hitzke
157,Sasha Mawne
158,Zitella Plewes
159,Lettie Poleykett
160,Delmore Le Blanc
161,Teresina Pomphrey
162,Gordon Cockman
163,Kristen Treace
164,Binnie Feckey
165,Constanta Pendrich
166,Konstance Gibbonson
167,Dunc Southern
168,Stanleigh Morsom
169,Irene Arendt
170,Reg Gavahan
171,Zarla Crother
172,Fredek Salerno
173,Boote Tunuy
174,Johna Laugherane
175,Selene Brose
176,Cello Ciottoi
177,Elias Woodward
178,Tallulah Phayre
179,Lewiss Hedling
180,Koo Emanson
181,Teddy Wetherell
182,Lukas Venable
183,Hugibert Arnaldo
184,Sargent Harbar
185,Kari Aisthorpe
186,Isaak Ruperti
187,Danice Rustich
188,Erasmus Heffernan
189,Jim Keirl
190,Andras Barracks
191,Tomkin Lead
192,Domenic MacCallister
193,Bobinette Crannis
194,Kynthia Whitebread
195,Rose Lawful
196,Rodger Bauldrey
197,Cathryn Roke
198,Dalton Seel
199,Shalom Volante
200,Farr Prawle
201,Terrance Mival
202,Alfy Chaffyn
203,Mersey Coggin
204,Virginia Wilton
205,Allie Belliard
206,Temple Bough
207,Mannie Leverett
208,Haroun Timbridge
209,Amalee Tort
210,Bale Breadon
211,Nikaniki Layzell
212,Dredi Dow
213,Ulrich Atkyns
214,Inez Pegler
215,Amitie Lathwood
216,Katrinka Winspurr
217,Annis Dornin
218,Maisey Baynes
219,Ashlan Leonardi
220,Mersey Obell
221,Madalena Faltskog
222,Harriet Skoate
223,Giacinta Beckwith
224,Royce Seabrook
225,Krishna Lambdin
226,Carolee Vallentin
227,Leelah Bletcher
228,Katya Gasnell
229,Sherye Besemer
230,Fey Clutterham
231,Kristofor Lloyds
232,Sande Sodeau
233,Gert Whinney
234,Mignonne Willas
235,Shermy Murford
236,Tomasina O' Sullivan
237,Aldo Michael
238,Annette Gazzard
239,Ermin Owbridge
240,Windy Siegertsz
241,Jareb Ballintime
242,Berty Eslinger
243,Bethany Mosdill
244,Camille Slarke
245,Ashly Grigoire
246,Roby Mival
247,Yuri Brimelow
248,Halimeda Ollier
249,Lulu Grimwade
250,Tobye Swaffield
251,Devlin Pilfold
252,Camile Tomaschke
253,Alden Rickersey
254,Shaw MattiCCI
255,Tobias Golagley
256,Wendel MacMoyer
257,Ferd Chinge
258,Melisenda O'Kenny
259,Frederica Gallemore
260,Chet Timmons
261,Kari Ralton
262,Leon Fissenden
263,Shelby Sheilds
264,Valenka Boyne
265,D'arcy Antunez
266,Kristyn Bischof
267,Alexia Jeanel
268,Christabel Ehlerding
269,Farlay Dehm
270,Gilda Palfreman
271,Melonie Horney
272,Lorine Pheazey
273,Manuel Fusedale
274,Dell Fausch
275,Buck Berthome
276,Neddy Bayliss
277,Norbert Evenden
278,Collete McTavish
279,Kalinda Withams
280,Desi Otton
281,Matt Olivo
282,Garland Tebboth
283,Sigrid Martensen
284,Kienan O'Hengerty
285,Franni Ickovitz
286,Mehetabel Langstaff
287,Dorena Patrono
288,Debor Blesing
289,Basile Klejin
290,Cross Sugar
291,Elbert Walisiak
292,Glenn Di Ruggiero
293,Ruperto Monan
294,Jania Denecamp
295,Dicky Pyner
296,Myrle Vogeller
297,Norrie McConnal
298,Jacquette Pulham
299,Erinn Jaukovic
300,Clemence Wigfield
301,Marna Lafont
302,Constanta Braxton
303,Berton Burgin
304,Leodora Hambatch
305,Melissa Brownbill
306,Valaria Derle
307,Sherye Feuell
308,Chadwick Feehan
309,Bertie Biesinger
310,Marlin Deviney
311,Christabel Bigrigg
312,Marne Cossell
313,Shelia Arnell
314,Kylen Van Bruggen
315,Em Carlesso
316,Odo Moulin
317,Deirdre Kirkman
318,Hesther Jaffa
319,Frasco Ilyenko
320,Catriona Snoxell
321,Aurilia Kerbler
322,Daffy Brobeck
323,Lotty Brixey
324,Odessa Ennew
325,Maud Verissimo
326,Jerrylee Denge
327,Cory Brandel
328,Cord Somerton
329,Leupold Wolver
330,Cherlyn Mushart
331,Desmond Jeyes
332,Angelo Berg
333,Franky Roze
334,Elnora Simkin
335,Tudor Toombs
336,Marta Sheaf
337,Alane Gemlbett
338,Ransell Akester
339,Steve Haill
340,Georas Thomen
341,Christabel Penlington
342,Janeczka Saxton
343,Issi Hulland
344,Jorrie Brayshay
345,Brent Winstanley
346,Dorree Staries
347,Jarred Craigmyle
348,Ilaire Valek
349,Tracie Witheridge
350,Davide Nazair
351,Tallie Robilart
352,Lilli Melly
353,Padraic Cove
354,Stavro Padkin
355,Kyle Gladstone
356,Clo Flanders
357,Jocelyne Yablsley
358,Rachele Merriton
359,Olga Piecha
360,Giselle Pipkin
361,Lorenza Knowling
362,Drusie Chander
363,Dulcinea McGinlay
364,Sherill Van Schafflaer
365,Stephannie Winks
366,Griz O'Hegertie
367,Weston Jorcke
368,Corella Behnke
369,Ann-marie Noton
370,Darby Bereford
371,Lorianne Clemenzo
372,Kilian Shelton
373,Aaren Martensen
374,Vivian Allden
375,Iain Jirak
376,Tandy Ruoss
377,Natasha Spiller
378,George Schechter
379,Jarred Merwe
380,Hephzibah Maddams
381,Mirabelle Zanetti
382,Delmer Stormonth
383,Gavan Hayward
384,Conrade Nassi
385,Darcey Parffrey
386,Heda Burgoin
387,Tanney McClymont
388,Oren MacIntyre
389,Eula Harrigan
390,Leticia Brownbill
391,Dulcine Peterffy
392,Allianora Lugton
393,Ryann Sadat
394,Huey Bertome
395,Tom Charette
396,Peggy Treacy
397,Forest Andrivel
398,Fenelia Alvar
399,Lissa Deathridge
400,Claresta Bordman
401,Lizbeth Whitcombe
402,Hobart Leyfield
403,Cassondra Kingswood
404,Arvy Truelove
405,Efrem Pirrie
406,Darwin Alder
407,Freddi Pickersail
408,Eva Croser
409,Johnna Woolner
410,Linzy Ivashev
411,Silvano MacTavish
412,Nerti Ebbrell
413,Courtnay Rive
414,Stacy Lepere
415,Burlie Mc Coughan
416,Nicky Billinge
417,Nelle Belson
418,Hobard Danat
419,Anni Roderigo
420,Jeane Blose
421,Bondie Milsap
422,Bertina Haestier
423,Jude Rooney
424,Ruperta Tatlock
425,Tani Posselow
426,Lenora Ghioni
427,Arlene Howsan
428,Lance Garrod
429,Darrin Jersch
430,Cybil Ayre
431,Rube Adie
432,Gherardo Deignan
433,Ulla Kennion
434,Waylan Absolon
435,Shellie Russo
436,Kylen Moth
437,Lenette Vossgen
438,Goraud Lever
439,Rolfe Dagworthy
440,Cindy Osband
441,Rosco Palmar
442,Birk Crush
443,Verney Antill
444,Genni Birdsey
445,Hillard Harrisson
446,Cecilla Gennings
447,Teddie Summerrell
448,Lanny Kopecka
449,Madalyn Cunnow
450,Leanora Kentwell
451,Gerti Childes
452,Gilligan Botterill
453,Shirlene Collopy
454,Washington Rubinfajn
455,Skelly Beebee
456,Winn Matevosian
457,Worth Kermode
458,Clarance Elsey
459,Yuri Kerfut
460,Lanie Ewert
461,Georgianne Dannel
462,Sherye Gillbanks
463,Cory Gosker
464,Klemens Josskovitz
465,Kayla Zanassi
466,Raffarty Renon
467,Arch Ottiwill
468,Tilly Van der Daal
469,Edgard Kalaher
470,Nydia McLachlan
471,Shannen McAlester
472,Diann Shepland
473,Timoteo Libero
474,Melisse Rosenkranc
475,Hatti MacAlinden
476,Crissie Wicken
477,Breanne Woodburne
478,Maisey Eger
479,Ashely Charley
480,Lusa Slater
481,Addia Le Fevre
482,Rockwell Chaffin
483,Harlie Brazear
484,Cordelie Bristow
485,Gerri Carslake
486,Kassandra Razzell
487,Tabitha Basketfield
488,Reine Tammadge
489,Cymbre Rizzini
490,Ellie Itzakson
491,Mattie Pearmain
492,Dory Messitt
493,Illa De Goey
494,Pet Simmgen
495,Vanya Scurr
496,Kalila Pember
497,Gabbie Vaney
498,Winfield Walsom
499,Jacky Van de Vlies
500,Alanah McGreil
501,Anabal Kerridge
502,Yancy Lum
503,Orella Dufore
504,Megan Bertlin
505,Shandy Jirik
506,Pippo Clemmen
507,Liza Veighey
508,Dorisa Blockwell
509,Silas Shay
510,Ddene Soall
511,Laetitia Ottee
512,Sashenka Brave
513,Traver Bushill
514,Hanan Kardos
515,Vivianna Raddon
516,Kyla Hansana
517,Erinn Klezmski
518,Cymbre Clemenza
519,Marinna Garcia
520,Jule Hoofe
521,Sarena Rookesby
522,Joelie Bigby
523,Lolita Raccio
524,Montgomery Hearn
525,Gunar Spandley
526,Stacee Elliff
527,Tyler Jagg
528,Maxine Kike
529,Rowney Sparshutt
530,Laurice Fyrth
531,Gerick Shimoni
532,Brande Lackemann
533,Yehudi Pickover
534,Meara Grand
535,Ardelle Satyford
536,Sonia Heball
537,Liv Caitlin
538,Jeffy Sitford
539,Deeann Gillanders
540,Genovera Tiffany
541,Parnell Spivey
542,Jolie Snar
543,Beatrice Free
544,Rahel Machon
545,Elisabetta Chudleigh
546,Lonee Forrest
547,Blondie O'Gready
548,Noach Perschke
549,Clo Mills
550,Richard Loudian
551,Kylie Lunam
552,Muire Sinclair
553,Devin Andreazzi
554,Rafaello Millions
555,Twila Pellissier
556,Catlin Barnaby
557,Tommy Van Velde
558,Kingsley Astupenas
559,Livy Dishman
560,Walt Clitherow
561,Des Broadey
562,Raine Speechley
563,Golda Doust
564,Gianni Conroy
565,Andrey Holdall
566,Lindon Maffioni
567,Sue Clewett
568,Milly Najafian
569,Alon Blest
570,Marlo Balsillie
571,Wally Gilluley
572,Trefor Cowlishaw
573,Zerk Cawston
574,Shirline Barnshaw
575,Ailene Warwick
576,Andra Nelane
577,Kerwinn Fenny
578,Birch Belshaw
579,Cordula Rawlcliffe
580,Price Nial
581,Olivie O'Regan
582,Jodi Cosgrive
583,Marjorie Painter
584,Dion Abramof
585,Jeanette Tregidga
586,Aggy Hammel
587,Isabella Lister
588,Colene Torricina
589,Janeta Mibourne
590,Darren Metrick
591,Roderick Timmermann
592,Marta Lindenboim
593,Petronilla Pietsma
594,Hernando Browell
595,Taddeo Horbart
596,Mallissa Dionisii
597,Erica Batkin
598,Hart Tivenan
599,Lazaro Butterly
600,Frants Denizet
601,Timmy Langland
602,Melanie Deroche
603,Rhoda Lethbrig
604,Melli Posnette
605,Cheri Warre
606,Darrick Drydale
607,Fergus Hellyer
608,Joyous Nieass
609,Ileane Poizer
610,Lucho Daw
611,Antonia Kohlerman
612,Christy Kernock
613,Wilfrid Defau
614,Lucienne Klasing
615,Alla Syplus
616,Timofei Yelland
617,Essa Murden
618,Joly Bostick
619,Jyoti Deverille
620,Sella Chritchley
621,Klarika Lob
622,Jammal Lowdwell
623,Minta Fortman
624,Arlyn Monnelly
625,Sergent Angrick
626,Mendy Colliss
627,Lorine Lummis
628,Kaitlynn Peggram
629,Teresa Westmerland
630,Ewart Sinnock
631,Cookie Trolley
632,Sada Finby
633,Weider Roly
634,Teriann Ellsbury
635,Uta Laughren
636,Maude Sisley
637,Ashby Battisson
638,Bertie Mattys
639,Bernette Bussens
640,Don Dreamer
641,Evelin Stammirs
642,Ollie Gasticke
643,Jeramey Belle
644,Wheeler Bowater
645,Imojean Sagrott
646,Sissie Divall
647,Elyse Nattrass
648,Benedicta Rigg
649,Terrill Stammirs
650,Crissie Woolam
651,Ed Turn
652,Germayne Meaders
653,Keri Belle
654,Orland Nock
655,Scot Guittet
656,Cleon Duding
657,Hermia Coppins
658,Cthrine Meers
659,Mattias Clemas
660,Ambrosio Nellies
661,Gaylord Linner
662,Claresta Bugg
663,Uri Brick
664,Bat Caillou
665,Alexandr Sisselot
666,Atlanta Duquesnay
667,Lorenza Breadmore
668,Sapphira Pigdon
669,Donella Stamper
670,Lindsay Zarfai
671,Bennett Rands
672,Nari Oubridge
673,Fayre McGillivrie
674,Alix Tansill
675,Denys Dikels
676,Kissie Heasman
677,Aaron Pomphrey
678,Killy Phippard
679,Dun Hodinton
680,Kennan Kinforth
681,Annemarie Pailin
682,Elnora Ciccarelli
683,Francisca Dooler
684,Odilia Gillice
685,Emmie Caren
686,Sonny Rabbe
687,Cara Grimmer
688,Cynthy Rosedale
689,Matteo Kingaby
690,Demetris Fewings
691,Weider Tack
692,Brandie Fetteplace
693,Fair Jelkes
694,Locke De Nisco
695,Gabbie Hasard
696,Neill Pedrollo
697,Antin Menichelli
698,Carlota Demange
699,Josie Sheard
700,Perl Chicken
701,Orlando Wildber
702,Kendrick D'Alesco
703,Daisy Fallis
704,Alaric Mangin
705,Barthel Scholcroft
706,Kinnie Cops
707,Dina Oxtaby
708,Griffin Walcot
709,Jeanette Wycliff
710,Noni Jowle
711,Hugibert Dunnico
712,Archibaldo Deason
713,Delmer Twitching
714,Danice MacKey
715,Janeta Kyle
716,Ilene Poff
717,Barbabra Yardy
718,Alard McIsaac
719,Koren Covolini
720,Merrili Worledge
721,Rochella Marshland
722,Misty Dominiak
723,Inga Cleen
724,Sascha Minigo
725,Leta Prise
726,Tarrah MacAne
727,Henrietta Preshaw
728,Elliott Dudgeon
729,Rip Everingham
730,Sloan Mableson
731,Lorne Searchwell
732,Alysa Rostern
733,Sergio Chadbourne
734,Munroe Gernier
735,Rudiger Wehnerr
736,Fanni Duligal
737,Gino Mottershaw
738,Sinclair Mathevet
739,Glenden Escolme
740,Putnam Batstone
741,Belle Maddocks
742,Kimmi Oliva
743,Joannes Bridal
744,Daria Hairsine
745,Jess Cornewall
746,Sarah Tanswill
747,Carney Freed
748,Tamiko Armiger
749,Tadeo Jaspar
750,Timofei Goss
751,Carmine Crawcour
752,Rosaleen Bucklee
753,Hattie Kornalik
754,Inesita Bresnen
755,John Secker
756,Carey Wressell
757,Vinny Cleworth
758,Dalston McIlmorie
759,Hewet Portail
760,Warner Calam
761,Barbi Leacy
762,Tracy Plitz
763,Ursuline Ganning
764,Vikki Shapero
765,Allissa Hilley
766,Karlan Lackington
767,Donia Greasty
768,Derron Krauss
769,Verina Gulliver
770,Delphinia Siely
771,Lorelle Bane
772,Ettore Minillo
773,Maynard Selbie
774,Miles Tranter
775,Taddeo Smetoun
776,Constancia Milne
777,Kacey Connow
778,Corena Eagar
779,Bryanty Oganesian
780,Arni Provis
781,Yoshi Aleksandrov
782,Lauree Craven
783,Jaquenette Fairney
784,Ginnifer Bidder
785,Isabel Froment
786,Norrie Fripp
787,Flossie Brigginshaw
788,Elfreda Watkins
789,Ailee Bugden
790,Cris Danielian
791,Tallie Tweede
792,Lancelot Ianniello
793,Randall Maymand
794,Susana Mc Gorley
795,Gordan Kuhnwald
796,Cynthy Stodit
797,Christoph Chicken
798,Odey Caskey
799,Donny De Domenicis
800,Papageno Caen
801,Lucho Byrcher
802,Lela Bilbrooke
803,Ingra Nelmes
804,Demetra Claque
805,Conway Mayger
806,Lowrance Breakspear
807,Harley Winslade
808,Wandis Mussolini
809,Marcellus Plumbridge
810,Cecelia Raun
811,Timmi Thomazin
812,Stacie Bende
813,Ree Theseira
814,Greta Cathenod
815,Dominique Lenz
816,Sauncho Caldes
817,Marina Sawden
818,Elia Sodeau
819,Dwight Pinn
820,Sabrina MacRonald
821,Dasie Kemet
822,Valentino Heakins
823,Ennis Machon
824,Garvin Hainey`
825,Meredith Kitcat
826,Ruperta Vickery
827,Tony Feldberger
828,Dunstan Gammage
829,Gale Fitzharris
830,Free Grzelak
831,Odelle Rushton
832,Marcela Strotton
833,Phillida Buffin
834,Averil Gellibrand
835,Michaela Trobe
836,Eliza Freestone
837,Ami Cornejo
838,Gipsy Cannavan
839,Maximilien Dummett
840,Aidan Iliff
841,Valaree Howsin
842,Mina Barkley
843,See Scholes
844,Meredeth Headland
845,Ronny Graeber
846,Flinn Tureville
847,Stephani Craney
848,Jena Harridge
849,Price Pashba
850,Corenda Gibbieson
851,Marta Moxstead
852,Mervin Hackwell
853,Mace Pfaffel
854,Kamillah Nias
855,Barbara-anne Norewood
856,Roddie Shoosmith
857,Abra Gooden
858,Kare Korpolak
859,Tybi Couves
860,Godard Donat
861,Freedman Jelks
862,Wenona Scherer
863,Nert Gettins
864,Jerry Samart
865,Hal Wissbey
866,Maribel McGairl
867,Zed Wragge
868,Hilario Ickovicz
869,Martyn Chastenet
870,Adriena Clemon
871,Glory Pessler
872,Sibbie Grcic
873,Daren Pozzo
874,Maegan Goracci
875,Melany Miall
876,Kayley Basketfield
877,Tracie Weller
878,Payton Bish
879,Towny Aldie
880,William Ell
881,Brandise Gennrich
882,Chery Stygall
883,Johnette Dahlback
884,Michail Meddick
885,Jedidiah Currington
886,Sharline McIllrick
887,Melicent Drummond
888,Bennett Whybrow
889,Penn Randall
890,Corri Custed
891,Angelo Guys
892,Finn Loncaster
893,Helge Kleyn
894,Kristos Rollin
895,Mabel Barbey
896,Ermina Mumbeson
897,Leena Pennaman
898,Delano Larsen
899,Roxana Reddie
900,Ileane Ivy
901,Thacher Willsmore
902,Estel O'Dyvoy
903,Korrie McKevitt
904,Nada Champney
905,Matthus Cess
906,Zorah Squelch
907,Renata Dreher
908,Dallis Ferrarotti
909,Terry McLaren
910,Alfred Megarrell
911,Lucy Gracey
912,Joya Dronsfield
913,Carry Raffles
914,Bliss Shellsheere
915,Del Standon
916,Emmeline Parell
917,Dinnie Casely
918,Nissie Timmons
919,Vincent MacCartair
920,Stinky Highway
921,Twyla Gozzett
922,Evaleen Hayland
923,Kristyn Cambden
924,Marrissa Old
925,Ernst Waison
926,Legra Milhench
927,Gunner Capini
928,Hana Moores
929,Emmi Houlden
930,Marlene Worden
931,Donica Fanti
932,Bonnibelle Kelemen
933,Mireielle Eastcott
934,Renie McBean
935,Candace Drust
936,Minna Coutts
937,Nigel Milton-White
938,Leeanne Armfield
939,Jerrilee Colledge
940,Hort Indge
941,Bernadene McClosh
942,Clarine Teall
943,Conway Stogill
944,Riki Furmonger
945,Rose Magnus
946,Hilda Lesek
947,Laurent Pinkie
948,Essie Haugh
949,Lyle Kinge
950,Anastasie McCrackem
951,Anabella Nisco
952,Ashia Yakushkin
953,Osmund Narey
954,Berty Meltetal
955,Homere Corro
956,Zach Swanborough
957,Rustin Tout
958,Lori Shutler
959,Freeland Davey
960,Elvin Hurford
961,Bram Casero
962,Elisa Hamman
963,Fritz Stanway
964,Curran Conibere
965,Anselma Keeting
966,Tabina Wheal
967,Toby Pykett
968,Lauritz Munnery
969,Iris Boissieux
970,Angelika Alfonsetto
971,Flore Vigers
972,Valentijn Baike
973,Adolpho Westbury
974,Alys Dillistone
975,Teodoro Dodimead
976,Jacquie Matuszynski
977,Gay Onion
978,Lila O'Doohaine
979,Hill McClenan
980,Evanne Buttress
981,Ulrich Hritzko
982,Dorrie Bru
983,Francyne Issac
984,Kary Lampard
985,Wilden Tumilson
986,Oralle Rilston
987,Jonis Finan
988,Abbie Balaisot
989,Enrichetta Stevings
990,Shelley Volkes
991,Janela Quinnelly
992,Delaney Batting
993,Evelina Baxstare
994,Tome Elnaugh
995,Linn Brimilcome
996,Dionis Simenet
997,Kayley Mutton
998,Cornall Gidden
999,Nerita Govett
1000,Haydon Meron